model,MAE,RMSE,R2 adjusted,WAPE_%
baseline lasso,1.7596070954979848,2.3105974119474024,0.4530324738389455,20.76232561059569
baseline ridge,1.6440194281811653,2.1966956623977394,0.5056292554277745,19.398459329571267
baseline lgbm,1.6230722683096066,2.162939882374051,0.520706129604328,19.15129520129329
baseline catboost,1.6456279226619241,2.2068581867940242,0.5010444818742683,19.417438615479927
baseline ridge with CV,1.6490974411284518,2.223375091662706,0.4935478145282496,19.458376886471406
baseline lgbm with CV,1.6290860861009977,2.1612621957707865,0.5214493708377349,19.22225470325661
baseline catboost with CV,1.6470482379958413,2.18617933492385,0.5103513661218824,19.434197498476
